Name,Hidden,Completion Status,Community Score
​RELEVƎ⅃ƎЯ,False,9 - Trash,
"""Gamer""+ Crossroad of Sympathy",False,9 - Trash,
(Not Escape Room),False,9 - Trash,
[ENDLESS_OVERDRIVE],False,9 - Trash,
[Speer],False,9 - Trash,
_________ (What Even Is That Thing?),False,9 - Trash,
</reality>,False,9 - Trash,
10 Beautiful Postcards,False,9 - Trash,
10 Flights of Ballooning,False,9 - Trash,
10 in 1 game-a-week bundle!,False,9 - Trash,
10mg: Cover Me In Leaves,False,9 - Trash,
10mg: Locked In,False,9 - Trash,
10mg: Sealed Estate,False,9 - Trash,
10mg: SNAAAK,False,9 - Trash,
10S,False,9 - Trash,
112 Operator,False,5 - Uncategorized,85
1993 Space Machine,False,5 - Uncategorized,70
2   9   0   1  / / FREELANCER,False,9 - Trash,
2000:1: A Space Felony,False,9 - Trash,
2064: Read Only Memories,False,5 - Uncategorized,80
20x20x20,False,9 - Trash,
2-3-5-7,False,9 - Trash,
2ECONDS TO STΔRLIVHT: Forever My Diamond,False,9 - Trash,
"2ECONDS TO STΔRLIVHT: My Heart's Reflection",False,9 - Trash,
3310 Jam- Nokia World,False,9 - Trash,
6 pack of craft games,False,9 - Trash,
7 Second Haircuts,False,9 - Trash,
8 Bit Space (ZX Spectrum Inspired Platformer),False,9 - Trash,
8 Links,False,9 - Trash,
911 Operator,False,5 - Uncategorized,70
96,False,9 - Trash,
A Dance of Fire and Ice,False,5 - Uncategorized,84
A Forgetful Loop,False,9 - Trash,
A Good Snowman Is Hard To Build,False,5 - Uncategorized,68
A Hell of a Journey,False,9 - Trash,
A Hole New World,False,5 - Uncategorized,70
A Kishoutenketsu in the countryside,False,9 - Trash,
A Light Long Gone,False,9 - Trash,
"A Mortician's Tale",False,5 - Uncategorized,71
a new life.,False,9 - Trash,
"A NIGHTMARE'S TRIP",False,5 - Uncategorized,70
A Normal Lost Phone,False,5 - Uncategorized,77
A Planet of Mine,False,9 - Trash,
A Short Hike,False,6 - Completed,72
A Sketchbook About Her Sun,False,9 - Trash,
"A Snake's Tale",False,5 - Uncategorized,70
A Wave of Lights,False,9 - Trash,
A Way Out,True,5 - Uncategorized,79
A Way Out,False,6 - Completed,87
A Year Of Rain,False,5 - Uncategorized,47
Aarre Safari Ride,False,9 - Trash,
"About Love, Hate & the other ones",False,9 - Trash,
Absolute Blue,False,5 - Uncategorized,50
AcChen - Tile matching the Arcade way,False,9 - Trash,
Adios,False,5 - Uncategorized,80
adjacency,False,5 - Uncategorized,70
Advent NEON [DEMO],False,9 - Trash,
Adventure for a Bit,False,9 - Trash,
Adventures of a Radish(Full),False,9 - Trash,
AFTER SCHOOL,False,9 - Trash,
After The End: The Harvest,False,5 - Uncategorized,70
Against All Odds,False,9 - Trash,
Age of Empires III: Definitive Edition,False,5 - Uncategorized,81
Age of Empires IV: Anniversary Edition,False,3 - Plan to Play,85
Agoraphobia,False,9 - Trash,
Air Dasher,False,9 - Trash,
Akuto: Showdown,False,9 - Trash,
"Alchemist's Castle",False,5 - Uncategorized,70
Alien Breed 2: Assault,False,5 - Uncategorized,46
Alien Breed 3: Descent,False,5 - Uncategorized,60
Alien Breed: Impact,False,5 - Uncategorized,67
Alien Death Mob,False,9 - Trash,
Alien Life Lab,False,9 - Trash,
Alisa | The Awakening Demo,False,9 - Trash,
ALL @ ONCE,False,9 - Trash,
All Hams on Deck!,False,9 - Trash,
ALL-STARS DUNGEONS AND DIAMONDS,False,9 - Trash,
Alone in the Grey,False,9 - Trash,
Alone With You,False,5 - Uncategorized,67
Alpha Dog,False,9 - Trash,
Alt-Frequencies,False,5 - Uncategorized,70
Amelie,False,9 - Trash,
Amethyst Hearth,False,9 - Trash,
Amnesia: A Machine for Pigs,False,5 - Uncategorized,66
Amnesia: A Machine for Pigs,True,5 - Uncategorized,66
Amnesia: Rebirth,False,5 - Uncategorized,75
Amnesia: The Dark Descent,False,5 - Uncategorized,93
Among the Innocent: A Stricken Tale,False,5 - Uncategorized,70
Among Us,False,5 - Uncategorized,73
An Airport Game,False,9 - Trash,
An American Werewolf in LA (EN),False,9 - Trash,
An Oath In Kind,False,9 - Trash,
An Ode to Todd the Toad: Frogcare!,False,9 - Trash,
"An Outcry, prelude",False,9 - Trash,
Ancient Enemy,False,5 - Uncategorized,80
And All Would Cry Beware!,False,5 - Uncategorized,70
And Other Stories,False,9 - Trash,
And Yet It Moves,False,5 - Uncategorized,73
Angry Video Game Nerd I&II Deluxe,False,9 - Trash,
Anodyne,False,5 - Uncategorized,67
"Another Lost Phone: Laura's Story",False,5 - Uncategorized,72
Another Perspective,False,5 - Uncategorized,70
Antecrypt⚡,False,9 - Trash,
Antigas Constelações (sobre a Vila Itororó),False,9 - Trash,
Antistatic,False,9 - Trash,
Apex Legends,False,5 - Uncategorized,78
Apparition,False,9 - Trash,
Arachnowopunk,False,9 - Trash,
Arcade Spirits,False,5 - Uncategorized,67
Arcus,False,9 - Trash,
ARK: Survival Evolved,False,5 - Uncategorized,82
ARK: Survival Of The Fittest,False,5 - Uncategorized,63
Arlo The Rabbit,False,5 - Uncategorized,70
ART SQOOL,False,5 - Uncategorized,60
Aseprite,True,5 - Uncategorized,96
"Assassin's Creed Syndicate",False,5 - Uncategorized,75
Asterism,False,9 - Trash,
"Asteroids, Inc.",False,9 - Trash,
Asteroids... But Roguelite,False,9 - Trash,
Astronomia,False,9 - Trash,
Attentat 1942,False,5 - Uncategorized,70
Attention Heroes!,False,9 - Trash,
Attraction Force,False,9 - Trash,
Attrition,False,9 - Trash,
Augma II Arc I,False,9 - Trash,
Auto Chess,False,7 - Dropped,59
Auto Chess Experimental,False,9 - Trash,
Awesome Mix Tape,False,9 - Trash,
Aye Aye Captain,False,9 - Trash,
Baba Is You,False,4 - Later,77
Baby Labor,False,9 - Trash,
Back 4 Blood,False,3 - Plan to Play,77
Back To Bed,False,9 - Trash,
Backbone,False,5 - Uncategorized,68
Backspace Bouken,False,5 - Uncategorized,70
Balatro,False,1 - Playing,95
"Baldi's Basics Plus",False,9 - Trash,
Ball vs Block,False,9 - Trash,
Balloon Party,False,9 - Trash,
"Balloony's adventure",False,9 - Trash,
Ballsy! World Cup 2020,False,9 - Trash,
Bard Harder!,False,9 - Trash,
BasketBelle,False,5 - Uncategorized,60
Bat Lizard Bonanza,False,9 - Trash,
Batbarian: Testament of the Primordials,False,5 - Uncategorized,58
BattleBit Remastered,False,4 - Later,89
Battlefield 3,False,5 - Uncategorized,81
BBQ DAD: First Bite,False,9 - Trash,
Be Not Afraid A.K.A. Seraphim Horror Show!?,False,9 - Trash,
BEACON,False,5 - Uncategorized,70
Bear-ly There,False,9 - Trash,
BEAUTIFUL DESOLATION,False,5 - Uncategorized,78
Before I Forget,False,5 - Uncategorized,70
Beglitched,False,5 - Uncategorized,80
Behind the Masc,False,9 - Trash,
Being,False,9 - Trash,
Bem Feito,False,9 - Trash,
Beneath a Steel Sky,False,5 - Uncategorized,77
"Beppo's Hole in One Golf",False,9 - Trash,
Beyond The Bow,False,9 - Trash,
Bezier (PC),False,9 - Trash,
BFF or Die,False,5 - Uncategorized,70
Bicyclism EP,False,5 - Uncategorized,70
"Binky's Trash Service",False,9 - Trash,
BioShock 2 Remastered,False,3 - Plan to Play,82
BioShock Infinite: Complete Edition,False,3 - Plan to Play,89
BioShock Remastered,False,3 - Plan to Play,83
Black Box,False,9 - Trash,
Black Desert,False,5 - Uncategorized,74
Black Widow: Recharged,False,5 - Uncategorized,
BlackJack Math,False,9 - Trash,
Blast Rush,False,9 - Trash,
Bleed,False,5 - Uncategorized,70
Bleed 2,False,5 - Uncategorized,70
Blinck Island Returns,False,9 - Trash,
Blobbins,False,9 - Trash,
Block Swap,False,9 - Trash,
Blood Under the Bridge,False,9 - Trash,
BLOOD VOID MASS,False,9 - Trash,
Bloomblebee,False,9 - Trash,
Bloons TD 6,False,1 - Playing,76
Boa Retina,False,9 - Trash,
Bomber Crew,False,5 - Uncategorized,77
Bombing!!: A Graffiti Sandbox,False,9 - Trash,
Bonbon,False,5 - Uncategorized,60
Bond: Wish of the Forest,False,9 - Trash,
Book of Demons,False,5 - Uncategorized,71
Book of Demons,False,5 - Uncategorized,78
Book of Eos,False,9 - Trash,
Borb the Birb,False,9 - Trash,
"Borbo's Quest",False,9 - Trash,
Borderlands 3,False,3 - Plan to Play,78
BOTOLO,False,9 - Trash,
Bouncy Cars,False,9 - Trash,
BOX,False,9 - Trash,
Boys Work,False,9 - Trash,
Bring Back The Sun by Daniel da Silva,False,9 - Trash,
Bring Your Own Oxygen,False,9 - Trash,
Bringris,False,9 - Trash,
BROCCOLI QUEST,False,9 - Trash,
Broken Age,False,5 - Uncategorized,75
Brothers - A Tale of Two Sons,False,5 - Uncategorized,82
Bugspeed Collider,False,9 - Trash,
Build a Bard,False,9 - Trash,
Build a Druid,False,9 - Trash,
Building Relationships,False,9 - Trash,
Bullet Beat,False,9 - Trash,
Bullet Heaven 2,False,5 - Uncategorized,80
Bumble Butt,False,9 - Trash,
Bunflower,False,9 - Trash,
Bunnies vs. Bunnies: Ukraine Edition,False,9 - Trash,
Bunny Hill Horror,False,9 - Trash,
Bunny Hill Horror: Bunny Boiler,False,9 - Trash,
"Bury me, my Love",False,5 - Uncategorized,50
Butterflies Episode 1: Rudies,False,9 - Trash,
Butterflies Episode 2: Getting Up,False,9 - Trash,
butterflowers,False,9 - Trash,
Button City,False,5 - Uncategorized,
Caduceus,False,9 - Trash,
Calico,False,5 - Uncategorized,46
Call of Duty,False,5 - Uncategorized,60
Call of Duty: Modern Warfare,False,5 - Uncategorized,81
Call of the Sea,False,5 - Uncategorized,73
Call of the Wild: The Angler,False,5 - Uncategorized,
Calm Horizon,False,9 - Trash,
Can Androids Pray: Blue,False,9 - Trash,
Can Androids Pray: Red,False,9 - Trash,
Candylight,False,9 - Trash,
Cannonhead Clash (Atari 2600),False,9 - Trash,
Cantrip,False,9 - Trash,
Canvas Colors: In The Moving City,False,9 - Trash,
Captain Backwater,False,9 - Trash,
Car Mechanic Simulator 2018,False,5 - Uncategorized,74
Card Hog,False,5 - Uncategorized,80
Cardful Planning,False,9 - Trash,
Cardinal Chains,False,9 - Trash,
Cardinal Cross,False,5 - Uncategorized,70
Cat Ace,False,9 - Trash,
Cat Tower,False,9 - Trash,
Cathode Ray Tube VR,False,9 - Trash,
Catlandia: Crisis at Fort Pawprint,False,9 - Trash,
Catlateral Damage,False,5 - Uncategorized,80
Catlateral Damage: Remeowstered,False,9 - Trash,
Cats are Liquid - A Better Place,False,5 - Uncategorized,70
Cats are Liquid - A Light in the Shadows,False,5 - Uncategorized,80
Cattails,False,5 - Uncategorized,91
Catty & Batty: The Spirit Guide,False,9 - Trash,
Cave Story+,False,5 - Uncategorized,87
Cecconoid,False,9 - Trash,
Celeste,False,4 - Later,88
Celestial Links,False,9 - Trash,
Cellular Harvest: Purple,False,9 - Trash,
Centipede Recharged,False,5 - Uncategorized,
Central Fugitive,False,9 - Trash,
Central Limit Theorem,False,9 - Trash,
Chambara,False,9 - Trash,
Chamber.Repeat();,False,9 - Trash,
Changeling,False,5 - Uncategorized,70
Changes,False,9 - Trash,
Chess and Dungeons,False,9 - Trash,
Chimpology,False,5 - Uncategorized,70
Chivalry 2,False,5 - Uncategorized,80
Chivalry 2 - Public Testing,True,0 - New,
Choice Chamber,False,5 - Uncategorized,70
Chronicles of two Heroes,False,9 - Trash,
Chronology: Time Changes Everything,False,9 - Trash,
Circa Infinity,False,5 - Uncategorized,80
Circus Electrique,False,5 - Uncategorized,
Cities Skylines,False,5 - Uncategorized,81
City of Brass,False,5 - Uncategorized,39
City of Gangsters,False,9 - Trash,
cityglitch,False,9 - Trash,
Clam Man,False,5 - Uncategorized,70
Clash Force,False,5 - Uncategorized,70
Clean ATTACK!,False,9 - Trash,
Cleansuit,False,5 - Uncategorized,70
CLOSED HANDS,False,9 - Trash,
Cloud Gardens,False,5 - Uncategorized,
Cloud Serpent,False,9 - Trash,
Code Dungeon,False,9 - Trash,
Codemancer,False,9 - Trash,
Collateral Thinking DX,False,9 - Trash,
Color Jumper,False,9 - Trash,
Combo Postage,False,9 - Trash,
Commune Corvidae,False,9 - Trash,
Company of Heroes 2,False,5 - Uncategorized,78
Concave Shooter,False,9 - Trash,
Concentric,False,9 - Trash,
Containment,False,5 - Uncategorized,80
Contractors VR,False,5 - Uncategorized,80
Control,False,3 - Plan to Play,83
Control : Override,False,9 - Trash,
Conversations With My Anxiety,False,9 - Trash,
"Cook, Serve, Delicious! 2!!",False,5 - Uncategorized,80
"Cook, Serve, Delicious! 3?!",False,5 - Uncategorized,80
Cookies,False,5 - Uncategorized,30
co-open,False,9 - Trash,
Coriander and The Fall of Orion,False,9 - Trash,
Corridor Z,False,5 - Uncategorized,69
Cosmic Courier: Trapped in Limbo,False,9 - Trash,
Cosmic Express,False,5 - Uncategorized,67
Cosmic Rochambo,False,9 - Trash,
Couch Goblins,False,9 - Trash,
Counter-Strike 2,False,2 - Online,69
Counter-Strike: Source,False,5 - Uncategorized,79
Crashlands,False,5 - Uncategorized,85
Crawl Space,False,9 - Trash,
Crescent Loom,False,9 - Trash,
Cris Tales,False,5 - Uncategorized,78
"CRNVRS (en, updated version)",False,9 - Trash,
Cross The Road,False,9 - Trash,
CrossCode,False,5 - Uncategorized,97
CROSSNIQ+,False,5 - Uncategorized,70
Cruel World,False,9 - Trash,
Crying Suns,False,5 - Uncategorized,59
crystal anomaly,False,9 - Trash,
Crystal Control II,False,9 - Trash,
Cuckoo Castle,False,9 - Trash,
Curious Expedition,False,5 - Uncategorized,78
Curse of the Crescent Isle DX,False,5 - Uncategorized,60
Cursed to Golf,False,5 - Uncategorized,
Cyber Hamster Tilt,False,9 - Trash,
Cyberhold (Prototype),False,9 - Trash,
Cycle 28,False,5 - Uncategorized,70
DAEMON X MACHINA,False,5 - Uncategorized,80
Danger Crew,False,5 - Uncategorized,70
Danger Scavenger,False,9 - Trash,
Dangerous Roads Ahead,False,9 - Trash,
Dark Deity,False,9 - Trash,
Dark Hope: A Puzzle Adventure,False,9 - Trash,
Dark Sheep,False,9 - Trash,
"Darkness Within 2: The Dark Lineage Director's Cut Edition",False,5 - Uncategorized,66
Darkwood,False,5 - Uncategorized,73
DATA LOSS,False,9 - Trash,
Dates & Wires,False,9 - Trash,
Dawn of a Soul,False,9 - Trash,
Daymare: 1998,False,5 - Uncategorized,72
Dayscream,False,9 - Trash,
Dead Cells,False,4 - Later,96
Dead Space,False,3 - Plan to Play,85
Dear Esther: Landmark Edition,False,5 - Uncategorized,72
Death and Taxes,False,6 - Completed,79
death by flower arrangement,False,9 - Trash,
Death Drives A Bus,False,9 - Trash,
Death Ray Manta SE (PC),False,9 - Trash,
Death Stranding,False,3 - Plan to Play,90
Death Stranding Content,False,9 - Trash,
DEATH STRANDING DIGITAL SOUNDTRACK,False,9 - Trash,
DEATHLOOP,False,4 - Later,76
"Death's Door",False,3 - Plan to Play,82
Decommissioner - GBJAM8 2020,False,9 - Trash,
Dee Dum (Computer),False,9 - Trash,
Deep Rock Galactic,False,5 - Uncategorized,82
Defold,True,5 - Uncategorized,77
Déjà Vu,False,5 - Uncategorized,80
Delver,False,5 - Uncategorized,80
Demetrios - The BIG Cynical Adventure,False,5 - Uncategorized,70
Democratic Socialism Simulator,False,5 - Uncategorized,70
demon DOIF,False,9 - Trash,
Demon Truck,False,5 - Uncategorized,70
Demonizer,False,9 - Trash,
"DEMON'S TILT",False,5 - Uncategorized,70
Density Experiment,False,9 - Trash,
Dépanneur Nocturne,False,9 - Trash,
Depth of Extinction,False,5 - Uncategorized,60
DERE EVIL EXE,False,5 - Uncategorized,70
Derpy Deep Drive,False,9 - Trash,
Desktop Dungeons,False,5 - Uncategorized,83
Desolate Roads,False,9 - Trash,
Despotism 3k,False,5 - Uncategorized,60
Destiny 2,False,5 - Uncategorized,74
Destroy All Humans! – Clone Carnage,False,5 - Uncategorized,42
Destruction Rocks,False,9 - Trash,
Destructivator 2,False,9 - Trash,
Detective Case and Clown Bot in: Murder in The Hotel Lisbon,False,5 - Uncategorized,80
Detours,False,9 - Trash,
Deus Ex - Mankind Divided,False,5 - Uncategorized,78
Diablo IV,False,1 - Playing,88
Dino Island The Four Crystals,False,9 - Trash,
Dino Run,False,5 - Uncategorized,80
Disco Elysium,False,3 - Plan to Play,92
Dishonored - Definitive Edition,False,3 - Plan to Play,84
Dishonored: Death of the Outsider,False,3 - Plan to Play,83
Disobedient Sheep,False,9 - Trash,
Diver,False,9 - Trash,
Divine Knockout,True,5 - Uncategorized,
Divine Knockout (DKO),False,5 - Uncategorized,70
Divinity: Original Sin 2 - Definitive Edition,False,4 - Later,89
Do I Pass?,False,9 - Trash,
Dodgy Boat,False,9 - Trash,
Dogs Throwing Swords II: Three Barks To The Wind,False,9 - Trash,
"Dominique Pamplemousse and Dominique Pamplemousse in ""Combinatorial Explosion!""",False,9 - Trash,
"Dominique Pamplemousse in ""It's All Over Once The Fat Lady Sings!""",False,9 - Trash,
Dona Vasa,False,9 - Trash,
"Don't Escape: 4 Days to Survive",False,5 - Uncategorized,70
"Don't Look Down",False,9 - Trash,
"Don't Starve Together",False,5 - Uncategorized,75
"Don't Take It Personally, I Just Don't Like You: The Camping Trip",False,9 - Trash,
Doodle Date,False,5 - Uncategorized,70
DOOM 64,False,5 - Uncategorized,70
Doorways,False,9 - Trash,
Dota 2,False,5 - Uncategorized,80
Dota Underlords,False,8 - Dead,70
Double Cross,False,5 - Uncategorized,70
Double Jump 2,False,9 - Trash,
Double Turn,False,9 - Trash,
Doujins and Dragons,False,9 - Trash,
Dragon Age: Inquisition – Game of the Year Edition,False,5 - Uncategorized,
Dragon Age: Origins - Ultimate Edition,False,3 - Plan to Play,87
Dragon Drop,False,9 - Trash,
Dragons in Space,False,9 - Trash,
Dragonsphere,False,5 - Uncategorized,63
Draw Slasher,False,5 - Uncategorized,51
Drawful 2,False,5 - Uncategorized,78
Drawkanoid,False,5 - Uncategorized,70
Dream Dye,False,9 - Trash,
"DreamCatcher: Reflections, Volume 1",False,9 - Trash,
Drew and the Floating Labyrinth,False,9 - Trash,
Driftland: The Magic Revival,False,5 - Uncategorized,80
Drillmin,False,9 - Trash,
"Drones, The Human Condition",False,9 - Trash,
Drum Controller,False,9 - Trash,
dstnce.,False,9 - Trash,
Dub Dash,False,5 - Uncategorized,68
DUFE: Masquerade,False,9 - Trash,
Dumpy & Bumpy,False,9 - Trash,
Dungeon Escape,False,9 - Trash,
Dungeon Fighter Online,False,5 - Uncategorized,62
DUNGEONBLADE - HAUNTED KINGDOM,False,9 - Trash,
Duskers,False,5 - Uncategorized,63
DW,False,5 - Uncategorized,70
Dwarf Fortress,False,3 - Plan to Play,93
Dx Ball Shooter,False,9 - Trash,
Dying Light Enhanced Edition,False,5 - Uncategorized,87
Dying Light The Bozak,False,9 - Trash,
Dying Light The Following,False,5 - Uncategorized,76
Dystopicon,False,9 - Trash,
EarthX,False,5 - Uncategorized,85
Easter Bunny on speed,False,9 - Trash,
eat-it-all,False,9 - Trash,
Eatvolve,False,9 - Trash,
Eddie Hill -in- The Curse Of The Skull Medallion,False,9 - Trash,
Edolie,False,5 - Uncategorized,60
El Gancho,False,9 - Trash,
Elden: Path of the Forgotten,False,9 - Trash,
Eldritch,False,5 - Uncategorized,61
Eldritch Academy,False,9 - Trash,
Elephant Hunter Hunter,False,9 - Trash,
Elephantasy,False,9 - Trash,
Emberglass,False,9 - Trash,
EMUUROM,False,9 - Trash,
Encased,False,5 - Uncategorized,80
ENDLESS Space 2,False,5 - Uncategorized,82
Enter the Gungeon,False,3 - Plan to Play,76
Epistory - Typing Chronicles,False,5 - Uncategorized,71
Errant Kingdom,False,5 - Uncategorized,70
ESC,False,9 - Trash,
Escape Room - The Sick Colleague,False,9 - Trash,
Eternal Return,False,7 - Dropped,77
Eternal Threads,False,5 - Uncategorized,
Eternia: Pet Whisperer,False,9 - Trash,
ETHEREAL,False,5 - Uncategorized,70
EVADER,False,9 - Trash,
Evangeline,False,5 - Uncategorized,50
Evil Dead: The Game,False,5 - Uncategorized,55
Evoland Legendary Edition,False,5 - Uncategorized,69
Eximius: Seize the Frontline,False,5 - Uncategorized,50
Expeditions: Viking,False,5 - Uncategorized,70
Explorers (Deluxe Edition 🗿),False,9 - Trash,
Eyad and Hala,False,9 - Trash,
Eye of Ra,False,9 - Trash,
Eyewear Cleaner 2077,False,9 - Trash,
F J O R D S,False,9 - Trash,
F.I.S.T.: Forged In Shadow Torch,False,5 - Uncategorized,61
Fable Anniversary,False,3 - Plan to Play,82
Fäiser,False,9 - Trash,
Fake Illusions - Encore Update,False,9 - Trash,
Fall Guys,False,5 - Uncategorized,77
Fallout 2,False,5 - Uncategorized,90
Fallout 3: Game of the Year Edition,False,5 - Uncategorized,91
"Fallout New Vegas: Courier's Stash",False,9 - Trash,
Fallout New Vegas: Dead Money,False,5 - Uncategorized,70
Fallout New Vegas: Gun Runners’ Arsenal,False,9 - Trash,
Fallout New Vegas: Honest Hearts,False,5 - Uncategorized,72
Fallout New Vegas: Lonesome Road,False,5 - Uncategorized,69
Fallout New Vegas: Old World Blues,False,5 - Uncategorized,81
Fallout Tactics: Brotherhood of Steel,False,5 - Uncategorized,70
Fallout: A Post Nuclear Role Playing Game,False,5 - Uncategorized,87
Fallout: New Vegas,False,3 - Plan to Play,87
Fangs,False,8 - Dead,46
Fantastic Fetus: Prebirth,False,9 - Trash,
Fantasy RPG Cursors (gold),False,9 - Trash,
Fantasy Strike,False,5 - Uncategorized,63
Fast Cubes,False,9 - Trash,
Fat Slice 2,False,9 - Trash,
Fatum Betula,False,5 - Uncategorized,80
Feisty Heist,False,9 - Trash,
"Feyna's Quest",False,9 - Trash,
Field of Glory II,False,5 - Uncategorized,81
Figment,True,5 - Uncategorized,72
Figment,False,5 - Uncategorized,84
Filament,False,5 - Uncategorized,82
Final Spike,False,9 - Trash,
Find Me,False,9 - Trash,
Fire & Fondness 2,False,9 - Trash,
Fire Place,False,5 - Uncategorized,70
Firemakaf,False,9 - Trash,
First Class Trouble,False,9 - Trash,
Fit For A King,False,5 - Uncategorized,70
Flashback,False,5 - Uncategorized,83
Flashover MegaSector,False,9 - Trash,
Flewberry,False,9 - Trash,
Flufftopia,False,9 - Trash,
Food Flinger VR,False,9 - Trash,
For The King,False,3 - Plan to Play,87
for|rest,False,9 - Trash,
FORGET THE BRAKES!,False,9 - Trash,
forma.8,False,9 - Trash,
Fort Triumph,False,5 - Uncategorized,77
Fortnite,False,7 - Dropped,69
Fortune-499,False,5 - Uncategorized,70
Fossil Echo,False,5 - Uncategorized,61
Fossil Hunters,False,5 - Uncategorized,60
Fostering Apocalypse,False,9 - Trash,
Four Horsemen,False,9 - Trash,
Fractured Minds,False,5 - Uncategorized,75
FRAMED Collection,False,5 - Uncategorized,79
Freaky Fish DX,False,9 - Trash,
Freshly Frosted,False,5 - Uncategorized,
"Frick, Inc.",False,9 - Trash,
FroggieChat,False,9 - Trash,
Froggy Family Fort,False,9 - Trash,
From Orbit,False,9 - Trash,
from view,False,9 - Trash,
Fugl,False,5 - Uncategorized,80
FurnCap,False,9 - Trash,
Fury Unleashed,False,5 - Uncategorized,86
Future Unfolding,False,5 - Uncategorized,70
FutureGrind,False,5 - Uncategorized,70
FUTUREVOXIMAGINARIUMDOTEXEV1.1:DOGELOVEREDITION,False,9 - Trash,
Fuzzy Road Home,False,9 - Trash,
Galactic Bar Fight VR,False,9 - Trash,
Galactic Civilizations III,False,5 - Uncategorized,77
Galactic Civilizations III (Test branch),False,9 - Trash,
GalaxSeed,False,9 - Trash,
Gamedec,False,5 - Uncategorized,
GameGuru Classic,False,5 - Uncategorized,71
Ganbare! Super Strikers,False,5 - Uncategorized,70
Gardenia,False,9 - Trash,
GearHead Caramel,False,9 - Trash,
Gebo,False,9 - Trash,
Geneforge 1: Mutagen,False,9 - Trash,
Ghost of a Tale,False,5 - Uncategorized,84
Ghostrunner,False,5 - Uncategorized,79
Gig Life,False,9 - Trash,
Gigabit,False,9 - Trash,
Gimmick in the Chaos Dimension,False,9 - Trash,
Gladiabots,False,5 - Uncategorized,80
Glitch Dungeon,False,9 - Trash,
Glittermitten Grove,False,5 - Uncategorized,80
gloom reducer,False,9 - Trash,
Gloomhaven,False,5 - Uncategorized,72
Gloria Victis,False,5 - Uncategorized,70
Glove Skin,True,0 - New,
GNOG,False,5 - Uncategorized,75
Go Home Dinosaurs!,False,5 - Uncategorized,80
Godlike Burger,False,9 - Trash,
Gods Will Fall,False,5 - Uncategorized,
Going Under,False,5 - Uncategorized,88
Golf Peaks,False,5 - Uncategorized,71
GoNNER,False,5 - Uncategorized,70
Good Dog,False,9 - Trash,
Good Lookin Home Cookin: A CMC Vignette,False,9 - Trash,
Good Morning Drifter,False,9 - Trash,
Good Morning Hon,False,9 - Trash,
Good Mourning,False,9 - Trash,
Goopty Goo,False,9 - Trash,
GourMelee,False,9 - Trash,
Grand Theft Auto V,False,5 - Uncategorized,90
Grapple Force Rena,False,5 - Uncategorized,70
Gratia,False,9 - Trash,
GRAVITY Pilot!,False,9 - Trash,
Greak: Memories of Azur,False,5 - Uncategorized,
Greedy Bubble,False,9 - Trash,
GRIME,False,5 - Uncategorized,70
Grime House,False,9 - Trash,
Grimm & Tonic: Aperitif,False,9 - Trash,
Grow Big (or Go Home): Ultimate Edition,False,9 - Trash,
Grow in the Hole,False,9 - Trash,
Grumpy Librarian,False,9 - Trash,
Guacamelee! 2,False,5 - Uncategorized,81
Guacamelee! Super Turbo Championship Edition,False,5 - Uncategorized,82
Guild of Dungeoneering,False,5 - Uncategorized,69
GUILTY GEAR -STRIVE-,False,4 - Later,91
Gun Rounds,False,9 - Trash,
Gunbuds,False,9 - Trash,
Gunhouse,False,9 - Trash,
Guppy,False,9 - Trash,
GUROBU,False,9 - Trash,
Gutwhale,False,5 - Uncategorized,80
Gyro Boss DX,False,9 - Trash,
Hack FPS,False,9 - Trash,
Hack FPS - Anniversary Edition,False,9 - Trash,
Hack Grid,False,9 - Trash,
Hacknet,True,5 - Uncategorized,78
Hacknet,False,5 - Uncategorized,78
Halcyon 6,False,5 - Uncategorized,72
Half-Life 2,False,5 - Uncategorized,96
Half-Life 2: Deathmatch,False,5 - Uncategorized,88
Half-Life 2: Lost Coast,False,5 - Uncategorized,67
Halloween Forever,False,5 - Uncategorized,80
Halo Infinite,False,2 - Online,70
Halo Infinite,True,,83
Halo: The Master Chief Collection,False,4 - Later,86
Halo: The Master Chief Collection,True,,86
Haque,False,5 - Uncategorized,70
Harvest Hero Origins,False,9 - Trash,
Harvest Island,False,9 - Trash,
Harvesterado,False,9 - Trash,
Haven Park,False,5 - Uncategorized,70
Hazard,False,9 - Trash,
HD Wallpaper,False,9 - Trash,
Head AS Code,False,9 - Trash,
Headlong Racing,False,9 - Trash,
Headsnatchers,False,5 - Uncategorized,52
Headspun: Dazed Edition,False,9 - Trash,
Heartbeat,False,9 - Trash,
Hearthstone,False,7 - Dropped,80
Hell is other demons,False,5 - Uncategorized,71
Hell is Others,False,5 - Uncategorized,
Hellcraze,False,9 - Trash,
Hellhole Game,False,9 - Trash,
HELP - The Heroes Enhancing Lives Program,False,9 - Trash,
Hero Generations,False,5 - Uncategorized,50
Hero Hours Contract,False,9 - Trash,
Hero of the Kingdom II,False,5 - Uncategorized,73
Heroes of Might and Magic 3: Complete,False,4 - Later,94
Heroes of the Storm,False,5 - Uncategorized,73
Hexed,False,9 - Trash,
Hexologic,False,5 - Uncategorized,70
Hidden Folks,False,5 - Uncategorized,77
Hiding Spot,False,5 - Uncategorized,70
Highway Blossoms: Remastered,False,9 - Trash,
Hi-Score Boi,False,9 - Trash,
HITMAN,False,6 - Completed,81
hollow,False,9 - Trash,
Home - A Unique Horror Adventure,False,9 - Trash,
Homebound,False,9 - Trash,
Homeworld Remastered Collection,False,5 - Uncategorized,93
Homeworld: Deserts of Kharak,False,5 - Uncategorized,82
Homing,False,9 - Trash,
Homunculus Hotel,False,9 - Trash,
Honey Twigs,False,9 - Trash,
Hood Outlaws and Legends,False,5 - Uncategorized,
"Hope's Peak",False,9 - Trash,
Hoplegs,False,9 - Trash,
Hopper,False,9 - Trash,
Horizon Chase Turbo,False,5 - Uncategorized,81
HORIZON VANGUARD,False,9 - Trash,
Hot Pot Panic,False,9 - Trash,
How to Win - Season One,False,9 - Trash,
Hue,False,5 - Uncategorized,89
Hungry Frog,False,9 - Trash,
Hunt: Showdown,False,2 - Online,76
Hunt: Showdown (Test Server),True,5 - Uncategorized,76
"Hunter's Moon Remastered (C64)",False,9 - Trash,
Hyperplex 3D,False,9 - Trash,
Hyperspace Dogfights,False,5 - Uncategorized,60
Hypnagogia 無限の夢 Boundless Dreams,False,9 - Trash,
"I don't belong - A visual Novel",False,9 - Trash,
I Found a New Friend,False,9 - Trash,
"I Have Low Stats But My Class Is ""Leader"", So I Recruited Everyone I Know To Fight The Dark Lord",False,9 - Trash,
i hurt myself - postjam edition,False,9 - Trash,
Idle Champions of the Forgotten Realms,False,5 - Uncategorized,44
IGEO,False,9 - Trash,
Il Filo Conduttore,False,9 - Trash,
Illusory Dreamlight 1: Deprimerie,False,9 - Trash,
"I'm a love interest in my childhood friend's reverse harem!!!",False,9 - Trash,
Image of Perfection,False,9 - Trash,
Imaginaria,False,9 - Trash,
Imperishable Memories,False,9 - Trash,
In Between,False,5 - Uncategorized,70
In Extremis,False,9 - Trash,
In Sound Mind,False,5 - Uncategorized,80
In The Hollow of the Valley,False,9 - Trash,
inbento,False,9 - Trash,
INDEPENDANT VIDEO VIDEO GAME,False,9 - Trash,
Indigo Child,False,9 - Trash,
Infini,False,5 - Uncategorized,70
Infiniboss,False,9 - Trash,
INMOST,False,5 - Uncategorized,79
Inner Tao,False,9 - Trash,
Inside | Out,False,9 - Trash,
Inside The Mirror,False,9 - Trash,
Insurmountable,False,5 - Uncategorized,78
Intelligent Design: An Evolutionary Sandbox,False,5 - Uncategorized,50
Interactivity: The Interactive Experience,False,9 - Trash,
Interstellaria,False,5 - Uncategorized,50
inter-view,False,9 - Trash,
Intra-System: Trust Issues,False,9 - Trash,
Invertio,False,9 - Trash,
Invincible Presents: Atom Eve,False,5 - Uncategorized,
Iratus,False,5 - Uncategorized,69
Is Lupin Still Flirting?,False,9 - Trash,
Ise & Kai: Chosen Throne,False,9 - Trash,
Islets,False,5 - Uncategorized,86
Isolation Story,False,9 - Trash,
It Takes Two,True,5 - Uncategorized,89
It Takes Two,False,1 - Playing,94
"It Takes Two - Friend's Pass",False,5 - Uncategorized,
"It's Six Random Characters and a Single Floor Dungeon, That's the Whole Game",False,9 - Trash,
"Izil's Adventures: Blackfeather's Legacy",False,9 - Trash,
Jabberwocky,False,9 - Trash,
Jam and the Mystery of the Mysteriously Spooky Mansion,False,9 - Trash,
Jardin,False,9 - Trash,
Jazz Jackrabbit 2: The Christmas Chronicles,False,9 - Trash,
Jazz Jackrabbit 2: The Secret Files,False,9 - Trash,
JB Hairboll in Murder Flub,False,9 - Trash,
Jetscout: Mystery of the Valunians,False,9 - Trash,
Jezebel and the Flame,False,9 - Trash,
Jitsu Squad,False,5 - Uncategorized,
Jotun: Valhalla Edition,False,5 - Uncategorized,79
Jupitron Game Collection Vol.1,False,9 - Trash,
Jupitron Game Collection Vol.4 - Middleware,False,9 - Trash,
Just Another Day at the Office,False,9 - Trash,
Just Die Already,False,5 - Uncategorized,
Kabaret,False,9 - Trash,
Kaiju Big Battel: Fighto Fantasy,False,5 - Uncategorized,70
Kaiju Klimb,False,9 - Trash,
KAIMA,False,9 - Trash,
Kakatte Koi Yo!,False,5 - Uncategorized,70
Kaleidoscope,False,9 - Trash,
Kane & Lynch 2: Dog Days,False,5 - Uncategorized,62
Karlson Run,False,9 - Trash,
KartRider: Drift,False,5 - Uncategorized,70
Keep Moving Forward,False,9 - Trash,
KEO,False,5 - Uncategorized,49
Kerbal Space Program,False,5 - Uncategorized,89
Kerbal Space Program,True,5 - Uncategorized,89
Kero-Go!,False,9 - Trash,
Khronos-X,False,9 - Trash,
KIDS,False,5 - Uncategorized,62
Kill the Superweapon,False,5 - Uncategorized,70
Killing Floor 2,False,5 - Uncategorized,73
KillingFloor2Beta,False,9 - Trash,
Kindling Spirits,False,9 - Trash,
King of Seas,False,5 - Uncategorized,
Kingdom Two Crowns,False,5 - Uncategorized,85
Kiwi,False,9 - Trash,
Klang 2,False,9 - Trash,
Knight & Damsel,False,5 - Uncategorized,
Knight Bewitched,False,5 - Uncategorized,70
Knight Bewitched 2,False,9 - Trash,
Knights of the Round Torus,False,9 - Trash,
"Knight's Retreat",False,5 - Uncategorized,83
Korpus: Buried over the Black Soil,False,9 - Trash,
Koto,False,9 - Trash,
La maleta,False,9 - Trash,
Lacrymo Tennis 2016 (+ 2018),False,9 - Trash,
Landlord of the Woods,False,9 - Trash,
Lara Croft and the Temple of Osiris,False,5 - Uncategorized,65
Laser Paddles,False,9 - Trash,
Last Fleet,False,9 - Trash,
Last Horizon,False,5 - Uncategorized,80
Last Knight: Rogue Rider Edition,False,5 - Uncategorized,80
Last Train To Tranz-Central (ZX Spectrum),False,9 - Trash,
Lava Golf,False,9 - Trash,
Lawn Buster for Hire,False,9 - Trash,
LAZA KNITEZ!!,False,9 - Trash,
League of Legends,False,2 - Online,76
Learn Japanese To Survive - Hiragana Battle,False,5 - Uncategorized,80
Learn Japanese To Survive! Kanji Combat,False,5 - Uncategorized,70
Left 4 Dead,False,5 - Uncategorized,80
Left 4 Dead 2,False,7 - Dropped,82
Legend of Hand,False,5 - Uncategorized,70
Legend of the Lost Dragons,False,9 - Trash,
Legends of Runeterra,False,7 - Dropped,80
Legends of Runeterra,True,5 - Uncategorized,80
Leggite Luta Livre,False,9 - Trash,
Legion TD 2,False,2 - Online,60
"LEGO Builder's Journey",False,5 - Uncategorized,80
"Lenna's Inception",False,5 - Uncategorized,70
Lesbian Mothman Hunters,False,9 - Trash,
Letters Long Lost,False,9 - Trash,
Liberated,False,5 - Uncategorized,69
Lieve Oma,False,5 - Uncategorized,
Light Borrower,False,9 - Trash,
LightUp!,False,9 - Trash,
"LIL' DRONE",False,9 - Trash,
Lillyann,False,9 - Trash,
Limiter!,False,9 - Trash,
Linearity,False,9 - Trash,
little boats of farewell,False,9 - Trash,
Little Burned Maiden,False,9 - Trash,
Little Square Things,False,9 - Trash,
LiveScream,False,9 - Trash,
Liyla and The Shadows Of War,False,9 - Trash,
Lizard Lady vs the Cats,False,9 - Trash,
Lizzi Crossing,False,9 - Trash,
Loco Motive (Game Jam),False,9 - Trash,
Locomancer,False,5 - Uncategorized,70
Lofi Hip Hop Worlds To Study In,False,9 - Trash,
Lonely People Potion Shop,False,9 - Trash,
Long Gone Days,False,5 - Uncategorized,70
Long Journey Home,False,9 - Trash,
LongStory,False,5 - Uncategorized,60
Loop Hero,False,3 - Plan to Play,76
Lore Distance Relationship,False,9 - Trash,
Lost,False,9 - Trash,
Lost Ark,False,7 - Dropped,72
Lost Castle,False,5 - Uncategorized,57
Lost Dreams,False,9 - Trash,
LOST ORBIT: Terminal Velocity,False,9 - Trash,
Lost Potato,False,9 - Trash,
"LouveSystems'  TrackMasters",False,9 - Trash,
LOVE 2: kuso,False,5 - Uncategorized,70
Lucid: Parables of the Ubermensch,False,9 - Trash,
Lucifer Within Us,False,9 - Trash,
Luck be a Landlord,False,9 - Trash,
Luminous,False,9 - Trash,
Luna,False,9 - Trash,
Lunarrota,False,9 - Trash,
Lure of the Temptress,False,5 - Uncategorized,75
Lust for Darkness,False,5 - Uncategorized,67
Lust from Beyond: M Edition,False,5 - Uncategorized,66
"Lutra's Monologue",False,9 - Trash,
Lydia,False,5 - Uncategorized,67
LYNE,False,5 - Uncategorized,56
Macbat 64,False,5 - Uncategorized,70
Mad Devils,False,9 - Trash,
Madball,False,9 - Trash,
Mafia,False,5 - Uncategorized,87
MAGEROOM,False,9 - Trash,
Mages of Mystralia,False,5 - Uncategorized,80
Magic Trick,False,9 - Trash,
Magic Wand,False,5 - Uncategorized,70
Magnibox,False,5 - Uncategorized,70
Make It Last,False,9 - Trash,
Make It Last: While You Can,False,9 - Trash,
Maneater,False,5 - Uncategorized,73
Map Pack,False,5 - Uncategorized,50
Marchland,False,9 - Trash,
Marginalia,False,5 - Uncategorized,70
Martial Cards,False,9 - Trash,
Martian Space Blaster,False,9 - Trash,
MARVEL SNAP,False,2 - Online,87
"Marvel's Guardians of the Galaxy",False,5 - Uncategorized,81
"Marvel's Guardians of the Galaxy: Social-Lord Outfit",False,5 - Uncategorized,
"Marvel's Midnight Suns",False,4 - Later,76
Mastermind Classic,False,9 - Trash,
Math Labyrinth,False,9 - Trash,
"Maudelyn's Quest",False,9 - Trash,
MAYHEM,False,9 - Trash,
Maze Of Bears,False,9 - Trash,
Mech_Romancer Charity Bundle 1,False,9 - Trash,
Mech_Romancer Charity Bundle 2,False,9 - Trash,
Meditation 5,False,9 - Trash,
Memories of East Coast,False,9 - Trash,
Mending Wall,False,9 - Trash,
MENOS: PSI-SHATTER,False,9 - Trash,
Meta Form,False,9 - Trash,
Metamorphabet (2015),False,9 - Trash,
MetaWare High School (Demo),False,9 - Trash,
Metori,False,9 - Trash,
Metro Exodus,False,5 - Uncategorized,88
Metro Exodus Enhanced Edition,False,5 - Uncategorized,83
Metro: Last Light,False,5 - Uncategorized,83
Metro: Last Light Complete Edition,False,5 - Uncategorized,92
MewnBase,False,5 - Uncategorized,80
Micro Dash,False,9 - Trash,
Micron,False,5 - Uncategorized,80
Microscope Madness,False,9 - Trash,
Midnight on the Milky Way -- Complete,False,9 - Trash,
Midnight Scenes Ep.1: The Highway (Special Edition),False,9 - Trash,
Midnight Scenes Ep.2: The Goodbye Note (Special Edition),False,9 - Trash,
Midnight Scenes: The Nanny,False,9 - Trash,
Might and Magic VIII: Day of the Destroyer,False,5 - Uncategorized,81
Mighty Fight Federation,False,5 - Uncategorized,
Milkmaid of the Milky Way,False,5 - Uncategorized,70
"Millikan's Reach",False,9 - Trash,
"Milo's Quest",False,9 - Trash,
Mindustry,False,3 - Plan to Play,94
MineFinitum,False,9 - Trash,
Mini Metro,False,4 - Later,77
Minion Masters,False,5 - Uncategorized,90
"Mini's Magic World",False,9 - Trash,
Ministry of Broadcast,False,5 - Uncategorized,79
Minit,False,3 - Plan to Play,72
Minit Fun Racer,False,9 - Trash,
"Mirror's Edge Catalyst",False,6 - Completed,69
"Mirror's Edge Catalyst",True,5 - Uncategorized,69
MiTOS,False,9 - Trash,
Mixed Feelings,False,9 - Trash,
Mixolumia,False,5 - Uncategorized,
MMM: Murder Most Misfortunate,False,5 - Uncategorized,70
Model Builder,False,9 - Trash,
Monaco,False,5 - Uncategorized,71
monad,False,9 - Trash,
Money Garden,False,9 - Trash,
Monster Pub Chapter 1,False,9 - Trash,
Monster Pub Chapter 2,False,9 - Trash,
Monster Pub Chapter 3,False,9 - Trash,
Monstrata Fracture,False,9 - Trash,
Moon and Lou,False,9 - Trash,
Moon Hunters,False,5 - Uncategorized,53
Moonstone Deep,False,9 - Trash,
Mop Boy Demo but better,False,9 - Trash,
MORDHAU,False,5 - Uncategorized,75
Mortal Kombat 11,False,5 - Uncategorized,86
Mortal Shell,False,5 - Uncategorized,75
Mortal Shell Tech Beta,False,9 - Trash,
Mostly Intense Monster Defense,False,5 - Uncategorized,70
Motel 666,False,9 - Trash,
Mother Island,False,9 - Trash,
Motorcycle Mechanic Simulator 2021,False,5 - Uncategorized,70
Mouse Corp.,False,9 - Trash,
"Move 'n' Bloom",False,9 - Trash,
Moving (On),False,9 - Trash,
Moving Out,False,3 - Plan to Play,71
Muffin Fight VR,False,9 - Trash,
Multilytheus,False,9 - Trash,
MultiVersus,False,2 - Online,86
Murder at the Cat Show,False,9 - Trash,
MUSCLE WORLD,False,9 - Trash,
Mutant Year Zero Road to Eden,False,5 - Uncategorized,84
Mutiny Island,False,9 - Trash,
My Little Pony: Super Ethical Shipping Climax!,False,9 - Trash,
My Nuclear Octopus,False,9 - Trash,
My Personal Hilopet,False,9 - Trash,
Mysteries Under Lake Ophelia,False,9 - Trash,
Nainai’s Recipe,False,9 - Trash,
NAIR - With Rollback,False,9 - Trash,
Narita Boy,False,5 - Uncategorized,77
Nasty Little Man,False,9 - Trash,
Naughty Elves - Christmas puzzle game,False,9 - Trash,
Nauticrawl,False,5 - Uncategorized,80
"Nebs 'n Debs (NES)",False,9 - Trash,
NecroWorm,False,5 - Uncategorized,50
Nectar of the Gods: Offline Edition,False,9 - Trash,
Neon Abyss,False,5 - Uncategorized,71
Neon Baller 0.1,False,9 - Trash,
Neon Depth,False,9 - Trash,
NEON STRUCT,False,5 - Uncategorized,80
NEO-PROGRAMS,False,9 - Trash,
Nepenthe,False,5 - Uncategorized,70
Neurodeck: Psychological Deckbuilder,False,9 - Trash,
Never Alone (Kisima Ingitchuna),False,5 - Uncategorized,70
Neverinth,False,5 - Uncategorized,69
Neverout,False,5 - Uncategorized,60
New Spirits,False,9 - Trash,
Newtraction,False,9 - Trash,
Nex Machina,False,5 - Uncategorized,80
NEXT JUMP: Shmup Tactics,False,5 - Uncategorized,70
Nib,False,9 - Trash,
Night Call,False,5 - Uncategorized,67
"Nina Aquila: Legal Eagle, Season One",False,9 - Trash,
No One Goes Alone,False,9 - Trash,
NO THING,False,5 - Uncategorized,31
No Wheels Racing,False,9 - Trash,
Nonsense Soccer,False,9 - Trash,
NoSeq,False,9 - Trash,
Not the Robots,False,5 - Uncategorized,45
Notebook Artillery,False,9 - Trash,
Nuclear Throne,False,3 - Plan to Play,70
Numbertron (Sharp MZ),False,9 - Trash,
O   O   O,False,9 - Trash,
Obduction,False,5 - Uncategorized,79
Obstacles,False,9 - Trash,
Oceanwork,False,9 - Trash,
OCHITSUBAKI DEMO,False,9 - Trash,
"Oh Jeez, Oh No, My Rabbits Are Gone!!!",False,9 - Trash,
"Old Man's Journey",False,5 - Uncategorized,68
OMEGANAUT,False,9 - Trash,
Once Upon A Crime in the West,False,9 - Trash,
Only One Burn,False,5 - Uncategorized,60
Operation STEEL,False,9 - Trash,
Orbital Racer,False,5 - Uncategorized,50
Orcs Must Die! 3,False,5 - Uncategorized,80
Order A Pizza: A Visual Novel,False,9 - Trash,
Ori and the Blind Forest,False,3 - Plan to Play,88
Ori and the Blind Forest: Definitive Edition,False,3 - Plan to Play,86
Orwell: Keeping an Eye on You,False,9 - Trash,
Ossuary,False,5 - Uncategorized,70
Other Minds,False,9 - Trash,
Ouroboros: The Sacrifice,False,9 - Trash,
Out For Delivery,False,9 - Trash,
Out of Line,False,5 - Uncategorized,
Out of Reach: Treasure Royale,False,5 - Uncategorized,58
Over My Dead Body,False,9 - Trash,
Overcooked! 2,False,5 - Uncategorized,81
Overwatch 2,False,7 - Dropped,65
PachaMama,False,9 - Trash,
Paint Game,False,9 - Trash,
PALACE OF WOE,False,9 - Trash,
Pale Cachexia,False,9 - Trash,
Panic Factory,False,9 - Trash,
Paper Boats,False,9 - Trash,
Para//ax,False,9 - Trash,
Paragon: The Overprime,False,5 - Uncategorized,63
ParamediCats,False,9 - Trash,
ParaMonsters and the Haunted Escape Room,False,9 - Trash,
PARANOIHELL,False,9 - Trash,
Parcels And Pollen,False,9 - Trash,
PARTICLE MACE,False,5 - Uncategorized,80
Partition Sector,False,9 - Trash,
Pathfinder: Kingmaker,False,3 - Plan to Play,86
Pathway,False,5 - Uncategorized,73
Pawnbarian,False,5 - Uncategorized,85
Pawndemonium,False,9 - Trash,
PAYDAY 2,False,3 - Plan to Play,74
PDF-Suite Standard,False,9 - Trash,
Peace of Mind,False,9 - Trash,
Pebble Witch,False,9 - Trash,
Peck N Run,False,9 - Trash,
Penance,False,9 - Trash,
Pendula Swing: The Complete Journey,False,9 - Trash,
PepaFatal,False,9 - Trash,
PGA TOUR 2K21,False,5 - Uncategorized,70
PhasR,False,9 - Trash,
Philosophy Fantasy,False,9 - Trash,
PHN-HOME,False,9 - Trash,
Pico-8 Multicart,False,9 - Trash,
piCOLUMNS,False,9 - Trash,
Pictassembler,False,9 - Trash,
Pig Eat Ball,False,5 - Uncategorized,70
Pikuniku,False,3 - Plan to Play,64
Pillars on Poppy Hills,False,9 - Trash,
Pipe Push Paradise,False,5 - Uncategorized,70
"PIPO'S ON THE RUN",False,9 - Trash,
Pippu - Bauble Quest,False,9 - Trash,
Pitman,False,9 - Trash,
Pixel Driver - Fast paced infinite driving,False,9 - Trash,
Pixel Fireplace,False,9 - Trash,
Pixel Session Vol.1,False,9 - Trash,
Pixel Wheels,False,9 - Trash,
Pixels Out of Space,False,9 - Trash,
Pixplode,False,5 - Uncategorized,66
Pixross,False,9 - Trash,
Planet Diver,False,5 - Uncategorized,70
Planetary grapple,False,9 - Trash,
Plant Down,False,9 - Trash,
Playground,False,9 - Trash,
Pleroma,False,9 - Trash,
Plunge,False,5 - Uncategorized,70
Polyroll,False,5 - Uncategorized,70
Popup Dungeon,False,5 - Uncategorized,73
Portal,False,6 - Completed,97
Portal 2,False,6 - Completed,98
Portal Dogs,False,9 - Trash,
Possession,False,9 - Trash,
Post Void,False,5 - Uncategorized,90
Potion Prodigy,False,9 - Trash,
PRAGMA,False,9 - Trash,
Predestination,False,5 - Uncategorized,50
Prehistoric Dude,False,9 - Trash,
Pressure,False,9 - Trash,
Prey,False,3 - Plan to Play,75
Prison of the Magi: Ch. 0,False,9 - Trash,
ProcrastiTyper,False,9 - Trash,
Project MALLOW,False,9 - Trash,
Project SNAQE,False,9 - Trash,
Promesa,False,9 - Trash,
PROVIDER,False,9 - Trash,
Psychoballs,False,9 - Trash,
PUBG: BATTLEGROUNDS,False,2 - Online,57
Pullfrog,False,9 - Trash,
Pumpkin Eater,False,9 - Trash,
"Pupper's Garden",False,9 - Trash,
Purple Noise Echo,False,9 - Trash,
Push It In,False,9 - Trash,
Pushamo,False,9 - Trash,
Putahe ng Ina Mo: Sinigang Edition,False,9 - Trash,
Putrid Shark,False,9 - Trash,
Puzzle Pack 1,True,0 - New,
Puzzle Pack 2,True,0 - New,
Puzzling Peaks EXE,False,9 - Trash,
Pyo,False,9 - Trash,
Q.U.B.E. 10th Anniversary,False,5 - Uncategorized,
Q.U.B.E. 2,False,5 - Uncategorized,65
Q.U.B.E. 2 Soundtrack,True,0 - New,
Qavo,False,9 - Trash,
QLRZ,False,9 - Trash,
QUACK ATTACK 1985: TURBO DX EDITION,False,9 - Trash,
Quadrilateral Cowboy,False,5 - Uncategorized,88
Quake Champions,False,5 - Uncategorized,73
Quantum Break,False,5 - Uncategorized,84
Quench,False,9 - Trash,
Quest of Dungeons,False,5 - Uncategorized,76
Quest Of Graal DX,False,9 - Trash,
Quible Sphere,False,9 - Trash,
Quiet as a Stone,False,5 - Uncategorized,60
RADARjAM,False,9 - Trash,
Radio Commander,False,5 - Uncategorized,72
Rakete,False,9 - Trash,
RB: Axolotl,False,9 - Trash,
RD Mars,False,9 - Trash,
Ready or Not,False,4 - Later,88
Rebel Galaxy,False,5 - Uncategorized,79
Rebel Galaxy Outlaw,False,5 - Uncategorized,62
Rebop Blasters,False,9 - Trash,
Recipe for Disaster,False,9 - Trash,
Record Store Nightmare,False,9 - Trash,
Red Embrace (BL Visual Novel),False,9 - Trash,
"Redd's Runaway",False,9 - Trash,
Redout 2,False,5 - Uncategorized,
Redout: Enhanced Edition,False,5 - Uncategorized,80
Refactor,False,9 - Trash,
Regina & Mac,False,9 - Trash,
reIterate(),False,9 - Trash,
Relicta,False,5 - Uncategorized,61
Reminiscence in the Night,False,9 - Trash,
Remnant: From the Ashes,False,3 - Plan to Play,79
Repurpose (Demo),False,9 - Trash,
Requiem: Avenging Angel,False,5 - Uncategorized,73
Restricted Airspace,False,9 - Trash,
Resynth,False,9 - Trash,
Retrace,False,9 - Trash,
Retromancer,False,9 - Trash,
Rettend - File #1,False,9 - Trash,
Reverie,False,9 - Trash,
Revolver and Co,False,9 - Trash,
"Rhythm 'n Bullets - VR",False,9 - Trash,
Riba,False,9 - Trash,
Ring of Pain,False,5 - Uncategorized,88
Ring of Pain,True,5 - Uncategorized,52
RIOT - Civil Unrest,False,5 - Uncategorized,67
Rip Them Off,False,9 - Trash,
Ripped Pants at Work,False,5 - Uncategorized,70
Ripple,False,9 - Trash,
Rise of Industry,False,5 - Uncategorized,53
Rise of the Tomb Raider: 20 Year Celebration,False,5 - Uncategorized,81
Rising Dusk,False,5 - Uncategorized,70
Rising Hell,False,5 - Uncategorized,70
Rising Storm 2: Vietnam,False,5 - Uncategorized,70
RITE,False,9 - Trash,
Ritual of the Moon,False,9 - Trash,
Riverbond,False,5 - Uncategorized,70
Road Trip,False,9 - Trash,
Roarr! Jurassic Edition,False,5 - Uncategorized,39
Robin Hood,False,4 - Later,62
Robo Runner,False,9 - Trash,
Robot Wants It All,False,5 - Uncategorized,70
RoboVDino,False,9 - Trash,
Rogue Legacy,False,3 - Plan to Play,76
RogueCraft Squadron,False,9 - Trash,
RogueSlide,False,9 - Trash,
Roll for Confidence: A CMC Vignette,False,9 - Trash,
Roly-Polo,False,9 - Trash,
Rooftop Cop,False,9 - Trash,
"ROOM EXPLORER 2010: DELUXE LOVER'S PAQUE",False,9 - Trash,
Rorschach Plus,False,9 - Trash,
Rose & Time,False,9 - Trash,
Roses Will Rise,False,9 - Trash,
Route Me Mail and Delivery Co,False,9 - Trash,
RPG in a Box,False,9 - Trash,
RPG Maker VX,False,5 - Uncategorized,60
Rubies In Space (FULL GAME) (Old Build),False,9 - Trash,
Rulent Tower VR,False,9 - Trash,
Runbow,False,5 - Uncategorized,70
Rune of Eternity,False,9 - Trash,
Running Askew,False,9 - Trash,
Rustler,False,5 - Uncategorized,70
Rusty Lake Hotel,False,5 - Uncategorized,59
Ruya,False,9 - Trash,
Sable,False,5 - Uncategorized,73
Safari Zone,False,9 - Trash,
Safe Journey,False,9 - Trash,
Sagebrush,False,5 - Uncategorized,76
Saints Row,False,5 - Uncategorized,47
Saints Row IV Re-Elected,False,5 - Uncategorized,77
Salt and Sanctuary,False,5 - Uncategorized,81
Sandstorm,False,9 - Trash,
Sangwich,False,9 - Trash,
Sanitarium,False,5 - Uncategorized,85
Sarawak,False,5 - Uncategorized,
Satisfactory,False,5 - Uncategorized,79
Saturnalia,False,5 - Uncategorized,
Sausage Sports Club,False,5 - Uncategorized,70
Say No! More,False,5 - Uncategorized,84
Schildmaid MX,False,9 - Trash,
Science Girls!,False,9 - Trash,
Second Extinction,False,5 - Uncategorized,
Secrets of Raetikon,False,5 - Uncategorized,60
Sector 781,False,9 - Trash,
seethe and scab,False,9 - Trash,
Selection Process,False,9 - Trash,
SELECTIONS OF TITAN ART BOOK,False,9 - Trash,
Self.destroy(),False,9 - Trash,
Self-Checkout Unlimited,False,9 - Trash,
Septiny,False,9 - Trash,
Serendipity,False,9 - Trash,
Serious Scramblers,False,5 - Uncategorized,70
Seven of Heart,False,9 - Trash,
Severed Steel,False,5 - Uncategorized,73
Sewer Rave,False,9 - Trash,
Shadow of the Tomb Raider,False,5 - Uncategorized,78
Shadow Tactics Blades of the Shogun,False,5 - Uncategorized,
Shadows: Awakening,False,5 - Uncategorized,70
"Shantae and the Pirate's Curse",False,5 - Uncategorized,84
shapez,False,5 - Uncategorized,73
Shattered Planet,False,5 - Uncategorized,50
She Who Fights Monsters: Choice Edition,False,9 - Trash,
Shell Out Showdown,False,9 - Trash,
Shenmue 3,False,5 - Uncategorized,65
Shing!,False,5 - Uncategorized,71
Shiny Gauntlet,False,9 - Trash,
Shipwreck,False,9 - Trash,
Shmup Ball,False,9 - Trash,
Shn!p,False,9 - Trash,
SHNIPERS,False,9 - Trash,
Shoot Shoot Mega Pack,False,5 - Uncategorized,70
Shovel Escape,False,9 - Trash,
Shredded Secrets,False,9 - Trash,
Shrine to Anubis,False,9 - Trash,
Shrinespark,False,9 - Trash,
"Shu's Garden",False,5 - Uncategorized,60
SHUT IN,False,9 - Trash,
Shutter Stroll,False,9 - Trash,
sideliner,False,9 - Trash,
Sidewords,False,5 - Uncategorized,70
Sightline,False,9 - Trash,
Signs of the Sojourner,False,5 - Uncategorized,
Silicon Zeroes,False,5 - Uncategorized,80
Silver Grapple,False,5 - Uncategorized,70
Simple Complex Puzzle,False,9 - Trash,
SkateBIRD,False,5 - Uncategorized,
SKELERUN,False,9 - Trash,
Sketchy Racing,False,9 - Trash,
Skuiggle,False,9 - Trash,
Skullgirls 2nd Encore,False,5 - Uncategorized,77
Sky Rogue,False,5 - Uncategorized,80
Skyling : Garden Defense,False,5 - Uncategorized,70
Slain: Back from Hell,False,5 - Uncategorized,61
Slain: Back From Hell,True,5 - Uncategorized,60
Slay the Spire,False,4 - Later,96
Slimed,False,9 - Trash,
Slimes,False,9 - Trash,
Slinger VR,False,5 - Uncategorized,66
SlipSpeed,False,9 - Trash,
SLUDGE LIFE,False,5 - Uncategorized,87
Sly Panda,False,9 - Trash,
SMITE,False,7 - Dropped,79
SMITE - Public Test,False,9 - Trash,
Snack Scoffer,False,9 - Trash,
Snake vs Snake,False,9 - Trash,
Snowdown,False,9 - Trash,
Soft Underbelly,False,9 - Trash,
Sokobond,False,5 - Uncategorized,60
Solace State Demo,False,9 - Trash,
Solar Blaster: Challenge Stage,False,9 - Trash,
Solar Danmaku,False,9 - Trash,
SOLAS 128,False,9 - Trash,
Sole Iron Tail,False,9 - Trash,
SOLITUNE,False,5 - Uncategorized,70
Somewhere Better,False,9 - Trash,
SOMOS,False,9 - Trash,
songs and flowers,False,9 - Trash,
Songs of Conquest,False,4 - Later,85
Sonic Mania,False,5 - Uncategorized,84
Sonny,False,9 - Trash,
"Sophie's Cubes",False,9 - Trash,
"Sophie's Safecracking Simulator",False,9 - Trash,
Soul Searching,False,5 - Uncategorized,70
Soulblight,False,5 - Uncategorized,50
Soulstice,False,5 - Uncategorized,
Soundodger+,False,5 - Uncategorized,80
soundStrider,False,9 - Trash,
SPACE / MECH / PILOT - THE UNIVERSE DRIVE 1.0,False,9 - Trash,
Space Battalion Alpha,False,9 - Trash,
Space Duet,False,9 - Trash,
Space Fuel,False,9 - Trash,
Space Gladiators,False,5 - Uncategorized,87
Space Hole 2016,False,5 - Uncategorized,70
Space Hole 2018,False,5 - Uncategorized,70
Space Hole 2020,False,9 - Trash,
space shooter,False,9 - Trash,
SPARE,False,9 - Trash,
Spaß Taxi,False,9 - Trash,
Speed Dating for Ghosts,False,5 - Uncategorized,70
Spell Casting,False,9 - Trash,
Spell Slingers: Trick or Treat,False,9 - Trash,
Spelldrifter,False,9 - Trash,
Spelunky,False,3 - Plan to Play,86
Spirit Cleaning,False,9 - Trash,
Spirit of the North,False,5 - Uncategorized,
Spirit Swap: Lofi Beats to Match-3 To,False,9 - Trash,
SPLASH BLAST PANIC,False,9 - Trash,
Splinter Zone,False,9 - Trash,
Splitgate,False,8 - Dead,90
SPOOKWARE,False,5 - Uncategorized,
Spooky Ghosts Dot Com,False,5 - Uncategorized,60
Spooky Station,False,9 - Trash,
Spooky Waltz,False,9 - Trash,
Spring Falls,False,9 - Trash,
Spyro Reignited Trilogy,False,5 - Uncategorized,92
Stacks On Stacks (On Stacks),False,9 - Trash,
Stalingrad,False,5 - Uncategorized,83
Starbound,False,5 - Uncategorized,71
Starbound - Unstable,False,9 - Trash,
StarBoy,False,9 - Trash,
StarCraft II,False,5 - Uncategorized,87
StarFighter R&D HD Edition,False,9 - Trash,
Starlight Shores,False,9 - Trash,
Stars Die,False,9 - Trash,
Staxter,False,9 - Trash,
Steam Marines,False,5 - Uncategorized,50
Steam Marines 2,False,9 - Trash,
Steel Seraph (Early Access),False,9 - Trash,
Stellar Interface,False,5 - Uncategorized,70
Sticky Cats,False,9 - Trash,
Stories and Smoke,False,9 - Trash,
STRAINGE,False,9 - Trash,
STRAWBERRY CUBES,False,9 - Trash,
Strife of Cosmos,False,9 - Trash,
Strobophagia | Rave Horror,False,9 - Trash,
SubDivide,False,9 - Trash,
Submerged Hidden Depths,False,5 - Uncategorized,
Subterrarium,False,9 - Trash,
Sub-Uber-Marine,False,9 - Trash,
Sudd City Adventures,False,9 - Trash,
Sudoku Zenkai,False,5 - Uncategorized,70
"Sulphur Nimbus: Hel's Elixir",False,9 - Trash,
Summer Gems,False,9 - Trash,
Summer in Mara,False,5 - Uncategorized,60
"Summoner's Mess",False,9 - Trash,
Sun Dogs,False,5 - Uncategorized,60
Sunblaze,False,9 - Trash,
Sundered: Eldritch Edition,False,5 - Uncategorized,60
Sunflower Maintenance / 向日葵のメンテナンス,False,9 - Trash,
Sunlight,False,5 - Uncategorized,
Sunrise,False,9 - Trash,
Sunset Overdrive,False,5 - Uncategorized,88
Super Box Land Demake,False,9 - Trash,
Super Grappling Gecko,False,9 - Trash,
Super Head Ball,False,9 - Trash,
Super Hexagon,False,5 - Uncategorized,80
SUPER IS HOT,False,9 - Trash,
Super Meat Boy,False,4 - Later,84
Super Meat Boy Forever,False,5 - Uncategorized,78
Super Mumtaz Bros.,False,9 - Trash,
Super Raft Boat,False,5 - Uncategorized,88
Super Skull Smash GO! 2 Turbo,False,9 - Trash,
Super Snake 3D,False,9 - Trash,
Super Wiloo Demake,False,9 - Trash,
Super Win the Game,False,5 - Uncategorized,80
SUPERHOT,False,6 - Completed,77
SuperLuminauts,False,9 - Trash,
Supraland,True,5 - Uncategorized,
Supraland,False,5 - Uncategorized,81
Supreme Ruler Cold War,False,5 - Uncategorized,50
Surfacing,False,9 - Trash,
Surviving Mars,False,5 - Uncategorized,70
Swim Out,False,5 - Uncategorized,60
"Switch 'N' Shoot",False,5 - Uncategorized,70
Swung,False,9 - Trash,
System Shock: Classic,False,5 - Uncategorized,91
System Shock: Enhanced Edition,False,5 - Uncategorized,96
T.A.R.S,False,9 - Trash,
Tabletop Simulator,False,5 - Uncategorized,80
Taimumari: Definitive Edition,False,9 - Trash,
Take A Hike!,False,9 - Trash,
Tales From Windy Meadow,False,9 - Trash,
Tales of the Neon Sea,False,5 - Uncategorized,65
Talk To Me,False,9 - Trash,
Tallowmere,False,5 - Uncategorized,80
Tannenberg,False,5 - Uncategorized,80
Tap Strike BOOM!,False,9 - Trash,
Tapioca Rider,False,9 - Trash,
Team Fortress 2,False,5 - Uncategorized,93
Team Hogus: GHAMEMFAIFTH OTHIYLTIM,False,9 - Trash,
Technoccult: Covenant,False,9 - Trash,
Teenagent,False,5 - Uncategorized,70
Tee-riffic Golf.,False,9 - Trash,
TEKKEN 7,False,5 - Uncategorized,81
Telefrag VR,False,5 - Uncategorized,60
Temple Of Tangram,False,9 - Trash,
Tenderfoot Tactics,False,9 - Trash,
TENNNES,False,9 - Trash,
TEOCALLI,False,9 - Trash,
Terraforming Mars,False,5 - Uncategorized,50
Terroir,False,5 - Uncategorized,50
Tetromino Chill,False,9 - Trash,
That Which Faith Demands,False,9 - Trash,
The Adventurer - Action platformer,False,9 - Trash,
The Adventures of Wolf and Hood - a Jigsaw Tale,False,9 - Trash,
The Amazing American Circus,False,5 - Uncategorized,58
The Answer is 42,False,5 - Uncategorized,70
The Arcade Tower,False,9 - Trash,
The Binding of Isaac,False,3 - Plan to Play,94
THE BLACK IRIS,False,9 - Trash,
The Captain,False,9 - Trash,
The Change Architect,False,9 - Trash,
The Church In The Darkness,False,5 - Uncategorized,50
The Church of Cheesus Crisp: An All You can Pray Buffet,False,9 - Trash,
The Code Zone Retro Pack,False,9 - Trash,
THE CORRIDOR,False,5 - Uncategorized,80
The Count of Monte Carlo,False,9 - Trash,
The Crystal Golem,False,9 - Trash,
The Dark Eye: Chains of Satinav,False,5 - Uncategorized,75
The Devil,False,9 - Trash,
THE DOOR,False,9 - Trash,
The Elder Scrolls Online,False,5 - Uncategorized,72
The Endless Empty,False,5 - Uncategorized,70
The Escapists,False,5 - Uncategorized,55
The Evil Within,False,5 - Uncategorized,75
The Evil Within 2,False,3 - Plan to Play,83
The Fall of Lazarus,False,5 - Uncategorized,40
The Fantaballous Tilt,False,9 - Trash,
THE FINALS,False,2 - Online,68
The First Greek Odyssey,False,9 - Trash,
The First Tree,False,5 - Uncategorized,70
The Floor is Jelly,False,5 - Uncategorized,80
The Forest Quartet,False,9 - Trash,
The Forgotten Caves of Foolish Linger,False,9 - Trash,
The Furniture Of Self,False,9 - Trash,
The Geography,False,9 - Trash,
The Great Perhaps,False,5 - Uncategorized,74
THE GREY MAN,False,9 - Trash,
The Hayseed Knight,False,9 - Trash,
The Hero of Budgie Island,False,9 - Trash,
The Hunt for my GirlFriend,False,9 - Trash,
The Last Librarian,False,9 - Trash,
The Last Survey,False,9 - Trash,
The Law,False,9 - Trash,
The Life of Saint Fiona Bianco Xena,False,9 - Trash,
The Light at the End of the Ocean,False,9 - Trash,
The Long Dark,False,5 - Uncategorized,77
The Lost Art of Innkeeping,False,9 - Trash,
The lost artifacts,False,9 - Trash,
The Lost Cave of the Ozarks,False,9 - Trash,
The Lost Night,False,9 - Trash,
"The Machine's Garden",False,9 - Trash,
The Majesty of Colors,False,9 - Trash,
The Manse on Soracca,False,9 - Trash,
The Missing Locksmith,False,9 - Trash,
The Morning Star,False,9 - Trash,
The Night Fisherman,False,9 - Trash,
The Night of the Rabbit,False,5 - Uncategorized,91
The Outcast Lovers,False,9 - Trash,
"The Outer Worlds: Spacer's Choice Edition",False,5 - Uncategorized,70
The Piano Player,False,9 - Trash,
The Pig: Money is Time,False,9 - Trash,
The Quest for One,False,9 - Trash,
The Quiet Lonely House,False,9 - Trash,
The Quiet Sleep,False,5 - Uncategorized,60
The Red Door,False,9 - Trash,
The Search,False,5 - Uncategorized,60
the silence,False,9 - Trash,
The Sink Gods,False,9 - Trash,
The Sky Left Us [Demo],False,9 - Trash,
The Spark of One,False,9 - Trash,
The Stillness of the Wind,False,5 - Uncategorized,63
The Sun Will Set,False,9 - Trash,
"The Tall Wall Falls: The Inner Gate's Last Stand",False,9 - Trash,
The Testimony of Trixie Glimmer Smith,False,9 - Trash,
The Textorcist,False,5 - Uncategorized,67
The Three Musketeers,False,9 - Trash,
The Tower: The Order of XII,False,9 - Trash,
The Trolley,False,9 - Trash,
The USB Stick Found in the Grass,False,5 - Uncategorized,40
The Vanishing of Ethan Carter,False,5 - Uncategorized,76
The Vanishing of Ethan Carter Redux,False,5 - Uncategorized,78
The Wanderer Vibes: Neon,False,9 - Trash,
The White Door,False,5 - Uncategorized,73
The Wishing Stone,False,9 - Trash,
The Witcher: Enhanced Edition,False,3 - Plan to Play,83
The Witchling Marjolaine,False,9 - Trash,
The Wooter,False,9 - Trash,
The Wordland Scape,False,9 - Trash,
the worm game (SOUP 1.0),False,9 - Trash,
"The Wratch's Den 👹",False,9 - Trash,
Thea 2: The Shattering,False,5 - Uncategorized,60
There You Go,False,9 - Trash,
Thermo Puzzle,False,9 - Trash,
These Lands,False,9 - Trash,
They Bleed Pixels,False,5 - Uncategorized,82
They Came From Uranus!,False,9 - Trash,
Thief,False,5 - Uncategorized,70
This Panda Needs You,False,9 - Trash,
This War of Mine,False,5 - Uncategorized,81
Three Lesbians in a Barrow,False,9 - Trash,
Throw Cubes into Brick Towers To Collapse Them,False,9 - Trash,
Throw Me in the River,False,9 - Trash,
Tic Tac Together,False,9 - Trash,
Tic-Tac-Crow,False,9 - Trash,
Tile Crusher,False,9 - Trash,
"Tiny Tina's Assault on Dragon Keep: A Wonderlands One-shot Adventure",False,5 - Uncategorized,65
Titan Souls,False,5 - Uncategorized,77
Titan Tactics,False,9 - Trash,
Titanfall 2,False,7 - Dropped,83
Titanfall 2,True,5 - Uncategorized,83
To Ash and Ember,False,9 - Trash,
To Duel List,False,9 - Trash,
ToeJam & Earl: Back in the Groove,False,5 - Uncategorized,80
"Tom Clancy's Splinter Cell",False,6 - Completed,83
TOMATO CLINIC,False,9 - Trash,
Tomb Raider,True,5 - Uncategorized,82
Tomb Raider,False,5 - Uncategorized,82
Tonight We Riot,False,9 - Trash,
Tooth and Tail,False,5 - Uncategorized,77
Torchlight,False,3 - Plan to Play,74
Torchlight II,False,3 - Plan to Play,78
Toree 2,False,9 - Trash,
Toree 3D,False,9 - Trash,
TORO,False,9 - Trash,
Total Arcade Racing,False,5 - Uncategorized,
Total War: WARHAMMER,False,5 - Uncategorized,87
Totally planet,False,9 - Trash,
Towayami,False,9 - Trash,
TowerFall Ascension,False,3 - Plan to Play,75
TowerFall Dark World Expansion,False,9 - Trash,
Toy Kingdom 2,False,9 - Trash,
Toybox Aviation,False,9 - Trash,
Trackmania,False,2 - Online,68
Trackmania,True,5 - Uncategorized,
TrackMania,True,5 - Uncategorized,84
TRAINBOW,False,9 - Trash,
Traveler,False,9 - Trash,
Treasure Adventure Game,False,5 - Uncategorized,84
Treasure Hunter Simulator,False,5 - Uncategorized,58
Tropico 5,False,5 - Uncategorized,74
tumbleblox,False,9 - Trash,
Turn-Based Champion,False,9 - Trash,
"Type The Entire Of Ulysses. That's it. That's the game.",False,9 - Trash,
Tyrian 2000,False,5 - Uncategorized,80
Ug! Caveman Game,False,9 - Trash,
Ultima  Worlds of Adventure 2: Martian Dreams,False,5 - Uncategorized,57
Ultima 4: Quest of the Avatar,False,5 - Uncategorized,85
Ultimate Zombie Death Ball,False,9 - Trash,
Ultra Hat Dimension,False,9 - Trash,
Ultra Street Fighter IV,False,5 - Uncategorized,72
Un Pas Fragile,False,5 - Uncategorized,70
UNBEATABLE [white label],False,9 - Trash,
Unbuild,False,9 - Trash,
Underhero,False,5 - Uncategorized,70
"Unfinished - An Artist's Lament",False,5 - Uncategorized,50
Unobelisk,False,9 - Trash,
Unrailed!,False,5 - Uncategorized,72
Unreal Tournament,False,5 - Uncategorized,87
Unreal Tournament: Game of the Year Edition,False,5 - Uncategorized,93
Untitled Darkness,False,9 - Trash,
Unto the Night,False,9 - Trash,
UPSQUID,False,9 - Trash,
Utopia Process,False,9 - Trash,
Vagante,False,5 - Uncategorized,87
Valheim,False,5 - Uncategorized,94
VALORANT,False,2 - Online,74
Vampire Night Shift,False,9 - Trash,
Vampyr,False,5 - Uncategorized,72
VaporLight: Drifter,False,9 - Trash,
Vast Trivia Of The Void,False,9 - Trash,
VEKTOR 2089,False,9 - Trash,
Victor Vran,False,5 - Uncategorized,64
VideoHole: Episode I,False,9 - Trash,
Vienna Automobile Society,False,9 - Trash,
Vignettes,False,5 - Uncategorized,70
Village Apothecary,False,9 - Trash,
Viral Reload,False,9 - Trash,
VIRTUA BLINDS,False,9 - Trash,
VirtuaVerse,False,5 - Uncategorized,62
VOID,False,5 - Uncategorized,80
Void Runner,False,9 - Trash,
Void Wisp,False,9 - Trash,
void.Resign,False,9 - Trash,
Volatile,False,9 - Trash,
VoltAge:Genesis,False,9 - Trash,
Voxella,False,9 - Trash,
VR Kayaking Game (Demo),False,9 - Trash,
Vulture,False,9 - Trash,
VVVVVV,False,4 - Later,80
Vylan,False,9 - Trash,
Walkerwall,False,9 - Trash,
Wampus,False,9 - Trash,
Wand Wars,False,5 - Uncategorized,90
Wander the Cosmos,False,9 - Trash,
Wanderers,False,9 - Trash,
Wanderlust: Travel Stories,False,9 - Trash,
Wandersong,False,5 - Uncategorized,91
Wandersong,True,5 - Uncategorized,93
Warframe,False,5 - Uncategorized,76
Wargroove,False,3 - Plan to Play,74
"Warhammer 40,000: Mechanicus",False,5 - Uncategorized,80
Warpips,False,5 - Uncategorized,85
Warpips,True,5 - Uncategorized,
WarpThrough,False,9 - Trash,
WARSAW,False,5 - Uncategorized,50
Warsow,False,5 - Uncategorized,86
Wart Worm Wingding!,False,9 - Trash,
Wasteland 3,False,3 - Plan to Play,82
Watch Dogs 2,False,5 - Uncategorized,78
Watch Me Jump,False,5 - Uncategorized,70
WATCH_DOGS 2,True,5 - Uncategorized,78
Watchlist,False,9 - Trash,
"WATER'S FINE",False,9 - Trash,
Wave_Machine,False,9 - Trash,
WE ARE DOOMED,False,5 - Uncategorized,52
We Met in May,False,5 - Uncategorized,70
We should talk.,False,5 - Uncategorized,60
Welcome to Elk,False,5 - Uncategorized,70
West of Dead,False,5 - Uncategorized,71
What Comes After,False,9 - Trash,
What Goes Pumpkin the Night,False,9 - Trash,
Wheels of Aurelia,False,5 - Uncategorized,46
When The River Runs Dry Early Release,False,9 - Trash,
When There Is No More Snow,False,9 - Trash,
When We First Met,False,9 - Trash,
Where the Snow Settles,False,9 - Trash,
Who Killed My Father Academy!,False,9 - Trash,
Why Do You Do This To Me?,False,9 - Trash,
Widget Satchel,False,9 - Trash,
Wildcat Gun Machine,False,5 - Uncategorized,
Will Glow the Wisp,False,5 - Uncategorized,70
Willful,False,9 - Trash,
Windbound,False,5 - Uncategorized,40
Windosill (2009),False,5 - Uncategorized,72
Witchball,False,9 - Trash,
Witches and Bandits and Swords (Oh My),False,9 - Trash,
witches and stitches,False,9 - Trash,
Without Escape,False,5 - Uncategorized,50
Wizard Battle,False,9 - Trash,
Wizard of Legend,False,5 - Uncategorized,71
"Wizard's Adventure",False,9 - Trash,
Wolfenstein: The New Order,False,5 - Uncategorized,82
Wondee,False,9 - Trash,
Wonder Boy The Dragons Trap,False,5 - Uncategorized,80
"Wonderland Nights: White Rabbit's Diary",False,9 - Trash,
wonShot,False,9 - Trash,
Word Forward,False,9 - Trash,
Worldcraft,False,9 - Trash,
Worlds of Ultima : The Savage Empire,False,5 - Uncategorized,70
Worms Revolution: Gold Edition,False,9 - Trash,
Worms W.M.D,False,5 - Uncategorized,75
Wrapped With A Kiss,False,9 - Trash,
"Write'n'Slash",False,9 - Trash,
XCOM 2,False,3 - Plan to Play,84
XDefiant,False,2 - Online,87
Xenogunner,False,9 - Trash,
X-Morph: Defense,False,5 - Uncategorized,88
yarne,False,9 - Trash,
YBit,False,9 - Trash,
Yi and the Thousand Moons,False,5 - Uncategorized,70
Ynglet,False,9 - Trash,
"Yoku's Island Express",False,5 - Uncategorized,84
Yooka-Laylee and the Impossible Lair,False,5 - Uncategorized,74
You Are A Whale Part 1,False,9 - Trash,
You Can Pet The Dog VR,False,9 - Trash,
you used to be someone,False,9 - Trash,
Your Future Self,False,5 - Uncategorized,70
Yu-Gi-Oh!  Master Duel,False,5 - Uncategorized,75
Zero Hour,False,9 - Trash,
ZeroRanger,False,9 - Trash,
zip: set one,False,9 - Trash,
Znax,False,9 - Trash,
Zombie Admin,False,9 - Trash,
Zombusters,False,9 - Trash,
ZONES,False,9 - Trash,
Zzap!,False,9 - Trash,
ΔV: Rings of Saturn,False,5 - Uncategorized,89
